model,accuracy
Dense,0.41350001096725464
CNN,0.718999981880188
